Source.Name,Constituency,Const No,Leading Candidate,Leading Party,Trailing Candidate,Trailing Party,Margin,Seats,Status
andhrapradesh-1.csv,Achanta,56,SATYANARAYANA PITHANI,Telugu Desam,CHERUKUVADA SRI RANGANADHA RAJU,Yuvajana Sramika Rythu Congress Party,26554,14/14,Result Declared
andhrapradesh-1.csv,Addanki,105,GOTTIPATI RAVI KUMAR,Telugu Desam,CHINNA HANIMIREDDY PANEM,Yuvajana Sramika Rythu Congress Party,24890,22/22,Result Declared
andhrapradesh-1.csv,Adoni,146,DR. PARTHA SARATHI VALMIKI,Bharatiya Janata Party,Y. SAI PRASAD REDDY,Yuvajana Sramika Rythu Congress Party,18164,19/19,Result Declared
andhrapradesh-1.csv,Allagadda,134,AKHILA PRIYA BHUMA,Telugu Desam,BRIJENDRA REDDY GANGULA (NANI),Yuvajana Sramika Rythu Congress Party,12037,22/22,Result Declared
andhrapradesh-1.csv,Alur,147,B. VIRUPAKSHI,Yuvajana Sramika Rythu Congress Party,B. VEERABHADRA GOWD,Telugu Desam,2831,21/21,Result Declared
andhrapradesh-1.csv,Amadalavalasa,6,KOONA RAVI KUMAR,Telugu Desam,THAMMINENI SEETARAM,Yuvajana Sramika Rythu Congress Party,35032,19/19,Result Declared
andhrapradesh-1.csv,Amalapuram ,44,AITHABATHULA ANANDARAO,Telugu Desam,VISWARUPU PINIPE,Yuvajana Sramika Rythu Congress Party,38628,17/17,Result Declared
andhrapradesh-1.csv,Anakapalle,30,KONATHALA RAMAKRISHNA,Janasena Party,BHARATH KUMAR MALASALA,Yuvajana Sramika Rythu Congress Party,65764,19/19,Result Declared
andhrapradesh-1.csv,Anantapur Urban,153,DAGGUPATI PRASAD,Telugu Desam,ANANTHA VENKATARAMI REDDY,Yuvajana Sramika Rythu Congress Party,23023,21/21,Result Declared
andhrapradesh-1.csv,Anaparthy,40,RAMAKRISHNA REDDY NALLAMILLI,Bharatiya Janata Party,DOCTOR.SATHI SURYANARAYANA REDDY,Yuvajana Sramika Rythu Congress Party,20850,17/17,Result Declared
andhrapradesh-1.csv,Araku Valley ,28,REGAM MATYALINGAM,Yuvajana Sramika Rythu Congress Party,RAJARAO PANGI,Bharatiya Janata Party,31877,23/23,Result Declared
andhrapradesh-1.csv,Atmakur,115,ANAM.RAMANARAYANA REDDY,Telugu Desam,MEKAPATI VIKRAM REDDY,Yuvajana Sramika Rythu Congress Party,7576,22/22,Result Declared
andhrapradesh-1.csv,Avanigadda,76,BUDDHAPRASAD MANDALI,Janasena Party,RAMESH BABU SIMHADRI,Yuvajana Sramika Rythu Congress Party,46434,21/21,Result Declared
andhrapradesh-1.csv,Badvel,124,DASARI SUDHA,Yuvajana Sramika Rythu Congress Party,BOJJA ROSHANNA,Bharatiya Janata Party,18567,20/20,Result Declared
andhrapradesh-1.csv,Banaganapalle,140,B.C. JANARDHAN REDDY,Telugu Desam,KATASANI RAMI REDDY,Yuvajana Sramika Rythu Congress Party,25566,24/24,Result Declared
andhrapradesh-1.csv,Bapatla,92,VEGESANA NARENDRA VARMA RAJU,Telugu Desam,KONA RAGHUPATHI,Yuvajana Sramika Rythu Congress Party,27768,15/15,Result Declared
andhrapradesh-1.csv,Bhimavaram,59,RAMANJANEYULU PULAPARTHI (ANJIBABU),Janasena Party,GRANDHI SRINIVAS,Yuvajana Sramika Rythu Congress Party,66974,17/17,Result Declared
andhrapradesh-1.csv,Bhimili,20,GANTA SRINIVASA RAO,Telugu Desam,MUTTAMSETTI SRINIVASA RAO (AVANTHI SRINIVAS),Yuvajana Sramika Rythu Congress Party,92401,26/26,Result Declared
andhrapradesh-1.csv,Bobbili,14,R.V.S.K.K.RANGA RAO @ BABYNAYANA,Telugu Desam,VENKATA CHINA APPALA NAIDU SAMBANGI,Yuvajana Sramika Rythu Congress Party,44648,19/19,Result Declared
andhrapradesh-1.csv,Chandragiri,166,VENKATA MANI PRASAD PULLIVARTHI,Telugu Desam,CHEVIREDDY MOHITH REDDY,Yuvajana Sramika Rythu Congress Party,43852,20/20,Result Declared
andhrapradesh-2.csv,Cheepurupalle,15,KALAVENKATARAO KIMIDI,Telugu Desam,BOTCHA SATYANARAYANA,Yuvajana Sramika Rythu Congress Party,11971,20/20,Result Declared
andhrapradesh-2.csv,Chilakaluripet,96,PRATHIPATI PULLARAO,Telugu Desam,KAVATI SIVA NAGA MANOHAR NAIDU,Yuvajana Sramika Rythu Congress Party,33262,18/18,Result Declared
andhrapradesh-2.csv,Chintalapudi ,68,ROSHAN KUMAR SONGA,Telugu Desam,KAMBHAM VIJAYA RAJU,Yuvajana Sramika Rythu Congress Party,27766,20/20,Result Declared
andhrapradesh-2.csv,Chirala,106,MADDULURI MALA KONDAIAH,Telugu Desam,KARANAM VENKATESH,Yuvajana Sramika Rythu Congress Party,20984,16/16,Result Declared
andhrapradesh-2.csv,Chittoor,172,GURAJALA JAGAN MOHAN (GJM),Telugu Desam,M.C. VIJAYANANDA REDDY,Yuvajana Sramika Rythu Congress Party,14604,17/17,Result Declared
andhrapradesh-2.csv,Chodavaram,26,SURYA NAGA SANYASI RAJU KALIDINDI,Telugu Desam,KARANAM DHARMASRI,Yuvajana Sramika Rythu Congress Party,42189,18/18,Result Declared
andhrapradesh-2.csv,Darsi,103,BUCHEPALLI SIVA PRASAD REDDY,Yuvajana Sramika Rythu Congress Party,GOTTIPATI LAKSHMI,Telugu Desam,2456,21/21,Result Declared
andhrapradesh-2.csv,Denduluru,64,CHINTAMANENI PRABHAKAR,Telugu Desam,ABBAYA CHOWDARY KOTHARU,Yuvajana Sramika Rythu Congress Party,26266,18/18,Result Declared
andhrapradesh-2.csv,Dharmavaram,160,SATYA KUMAR YADAV,Bharatiya Janata Party,KETHIREDDY VENKATA RAMI REDDY,Yuvajana Sramika Rythu Congress Party,3734,21/21,Result Declared
andhrapradesh-2.csv,Dhone,141,KOTLA JAYA SURYA PRAKASH REDDY,Telugu Desam,BUGGANA RAJA REDDY,Yuvajana Sramika Rythu Congress Party,6049,21/21,Result Declared
andhrapradesh-2.csv,Eluru,65,RADHA KRISHNAYYA BADETI,Telugu Desam,ALLA KALI KRISHNA SRINIVAS,Yuvajana Sramika Rythu Congress Party,62388,16/16,Result Declared
andhrapradesh-2.csv,Etcherla,7,ESWARA RAO NADUKUDITI,Bharatiya Janata Party,KIRAN KUMAR GORLE,Yuvajana Sramika Rythu Congress Party,29089,23/23,Result Declared
andhrapradesh-2.csv,Gajapathinagaram,16,KONDAPALLI SRINIVAS,Telugu Desam,APPALANARASAYYA BOTCHA,Yuvajana Sramika Rythu Congress Party,25301,20/20,Result Declared
andhrapradesh-2.csv,Gajuwaka,25,PALLA SRINIVAS RAO,Telugu Desam,AVSS AMARNATH GUDIVADA,Yuvajana Sramika Rythu Congress Party,95235,22/22,Result Declared
andhrapradesh-2.csv,Gangadhara Nellore (SC),171,DR. VM. THOMAS,Telugu Desam,K. KRUPALAKSHMI,Yuvajana Sramika Rythu Congress Party,26011,20/20,Result Declared
andhrapradesh-2.csv,Gannavaram,71,YARLAGADDA VENKATA RAO,Telugu Desam,VAMSI VALLABHANENI,Yuvajana Sramika Rythu Congress Party,37628,23/23,Result Declared
andhrapradesh-2.csv,Gannavaram(SC),46,GIDDI. SATYANARAYANA,Janasena Party,VIPPARTHI . VENUGOPALARAO,Yuvajana Sramika Rythu Congress Party,33367,19/19,Result Declared
andhrapradesh-2.csv,Giddalur,112,ASHOK REDDY MUTHUMULA,Telugu Desam,KUNDURU NAGARJUNA REDDY (KP),Yuvajana Sramika Rythu Congress Party,973,21/21,Result Declared
andhrapradesh-2.csv,Gopalapuram ,66,MADDIPATI VENKATA RAJU,Telugu Desam,TANETI VANITA,Yuvajana Sramika Rythu Congress Party,26784,18/18,Result Declared
andhrapradesh-2.csv,Gudivada,72,VENIGANDLA RAMU,Telugu Desam,KODALI SRI VENKATESWARA RAO (NANI),Yuvajana Sramika Rythu Congress Party,53040,17/17,Result Declared
andhrapradesh-3.csv,Gudur,120,PASIM SUNIL KUMAR,Telugu Desam,MERIGA MURALIDHAR,Yuvajana Sramika Rythu Congress Party,21192,21/21,Result Declared
andhrapradesh-3.csv,Guntakal,150,GUMMANUR JAYARAM,Telugu Desam,Y. VENKATA RAMA REDDY,Yuvajana Sramika Rythu Congress Party,6826,20/20,Result Declared
andhrapradesh-3.csv,Guntur East,95,MOHAMMED NASEER AHMED,Telugu Desam,NOORI FATHIMA SHAIK,Yuvajana Sramika Rythu Congress Party,31962,19/19,Result Declared
andhrapradesh-3.csv,Guntur West,94,GALLA MADHAVI,Telugu Desam,RAJINI VIDADALA,Yuvajana Sramika Rythu Congress Party,51150,21/21,Result Declared
andhrapradesh-3.csv,Gurajala,100,YARAPATHINENI SRINIVASA RAO,Telugu Desam,KASU MAHESH REDDY,Yuvajana Sramika Rythu Congress Party,29486,23/23,Result Declared
andhrapradesh-3.csv,Hindupur,157,NANDAMURI BALAKRISHNA,Telugu Desam,DEEPIKA T N,Yuvajana Sramika Rythu Congress Party,32597,19/19,Result Declared
andhrapradesh-3.csv,Ichchapuram,1,ASHOK BENDALAM,Telugu Desam,PIRIYA VIJAYA,Yuvajana Sramika Rythu Congress Party,39783,22/22,Result Declared
andhrapradesh-3.csv,Jaggampeta,52,JYOTHULA NEHRU,Telugu Desam,THOTA NARASIMHAM,Yuvajana Sramika Rythu Congress Party,52676,18/18,Result Declared
andhrapradesh-3.csv,Jaggayyapeta,84,RAJAGOPAL SREERAM (TATAIAH),Telugu Desam,UDAYA BHANU SAMINENI,Yuvajana Sramika Rythu Congress Party,15977,16/16,Result Declared
andhrapradesh-3.csv,Jammalamadugu,131,ADINARAYANA REDDY CHADIPIRALA,Bharatiya Janata Party,MULE SUDHEER REDDY,Yuvajana Sramika Rythu Congress Party,17191,23/23,Result Declared
andhrapradesh-3.csv,Kadapa,126,MADHAVI REDDAPPA GARI,Telugu Desam,AMZATH BASHA SHAIK BEPARI,Yuvajana Sramika Rythu Congress Party,18860,21/21,Result Declared
andhrapradesh-3.csv,Kadiri,161,KANDIKUNTA VENKATA PRASAD,Telugu Desam,MAQBOOL B.S.,Yuvajana Sramika Rythu Congress Party,6265,21/21,Result Declared
andhrapradesh-3.csv,Kaikalur,73,KAMINENI SRINIVAS,Bharatiya Janata Party,DULAM NAGESWARA RAO,Yuvajana Sramika Rythu Congress Party,45273,17/17,Result Declared
andhrapradesh-3.csv,Kakinada City,41,VANAMADI VENKATESWARA RAO @ KONDABABU,Telugu Desam,DWARAMPUDI CHANDRASEKHARA REDDY,Yuvajana Sramika Rythu Congress Party,56572,17/17,Result Declared
andhrapradesh-3.csv,Kakinada Rural,38,PANTAM VENKATESWARA RAO (PANTAM NANAJI),Janasena Party,KURASALA KANNA BABU,Yuvajana Sramika Rythu Congress Party,72040,20/20,Result Declared
andhrapradesh-3.csv,Kalyandurg,154,AMILINENI SURENDRA BABU,Telugu Desam,TALARI RANGAIAH,Yuvajana Sramika Rythu Congress Party,37734,19/19,Result Declared
andhrapradesh-3.csv,Kamalapuram,130,KRISHNA CHAITANYA REDDY PUTHA,Telugu Desam,POCHIMAREDDY RAVINDRANATH REDDY,Yuvajana Sramika Rythu Congress Party,25357,18/18,Result Declared
andhrapradesh-3.csv,Kandukur,109,INTURI NAGESWARA RAO,Telugu Desam,MADHU SUDHANRAO BURRA,Yuvajana Sramika Rythu Congress Party,18558,20/20,Result Declared
andhrapradesh-3.csv,Kanigiri,113,DR. UGRA NARASIMHA REDDY MUKKU,Telugu Desam,DADDALA NARAYANA,Yuvajana Sramika Rythu Congress Party,14604,22/22,Result Declared
andhrapradesh-3.csv,Kavali,114,DAGUMATI VENKATA KRISHNA REDDY,Telugu Desam,RAMIREDDY PRATAP KUMAR REDDY,Yuvajana Sramika Rythu Congress Party,30948,24/24,Result Declared
andhrapradesh-4.csv,Kodumur (SC),143,BOGGULA DASTAGIRI,Telugu Desam,AUDIMULAPU SATHISH,Yuvajana Sramika Rythu Congress Party,21583,20/20,Result Declared
andhrapradesh-4.csv,Kodur (SC),127,ARAVA SREEDHAR,Janasena Party,KORAMUTLA SREENIVASULU,Yuvajana Sramika Rythu Congress Party,11101,18/18,Result Declared
andhrapradesh-4.csv,Kondapi (SC),110,DOCTOR DOLA SREE BALA VEERANJANEYA SWAMY,Telugu Desam,AUDIMULAPU SURESH,Yuvajana Sramika Rythu Congress Party,24756,21/21,Result Declared
andhrapradesh-4.csv,Kothapeta,47,BANDARU SATYANANDA RAO,Telugu Desam,CHIRLA JAGGIREDDY,Yuvajana Sramika Rythu Congress Party,56479,19/19,Result Declared
andhrapradesh-4.csv,Kovur,116,PRASHANTHI REDDY VEMIREDDY,Telugu Desam,NALLAPAREDDY PRASANNA KUMAR REDDY,Yuvajana Sramika Rythu Congress Party,54583,25/25,Result Declared
andhrapradesh-4.csv,Kovvur ,54,MUPPIDI VENKATESWARA RAO,Telugu Desam,TALARI VENKATA RAO,Yuvajana Sramika Rythu Congress Party,33946,13/13,Result Declared
andhrapradesh-4.csv,Kuppam,175,CHANDRABABU NAIDU NARA,Telugu Desam,K.R.J. BHARATH,Yuvajana Sramika Rythu Congress Party,48006,18/18,Result Declared
andhrapradesh-4.csv,Kurnool,137,T.G.BHARATH,Telugu Desam,"A. MD. IMTIAZ I.A.S., (RETD)",Yuvajana Sramika Rythu Congress Party,18876,19/19,Result Declared
andhrapradesh-4.csv,Kurupam ,11,JAGADEESWARI THOYAKA,Telugu Desam,PAMULA PUSHPA SREEVANI,Yuvajana Sramika Rythu Congress Party,23500,20/20,Result Declared
andhrapradesh-4.csv,Macherla,101,JULAKANTI BRAHMANANDA REDDY,Telugu Desam,RAMAKRISHNAREDDY. PINNELLI,Yuvajana Sramika Rythu Congress Party,33318,24/24,Result Declared
andhrapradesh-4.csv,Machilipatnam,75,KOLLU. RAVINDRA,Telugu Desam,PERNI KRISHNAMURTHY (KITTU),Yuvajana Sramika Rythu Congress Party,50242,15/15,Result Declared
andhrapradesh-4.csv,Madakasira (SC),156,M.S.RAJU,Telugu Desam,IRALAKKAPPA.S.L,Yuvajana Sramika Rythu Congress Party,351,18/18,Result Declared
andhrapradesh-4.csv,Madanapalle,164,M.SHAJAHAN BASHA,Telugu Desam,S.NISAR AHAMAD,Yuvajana Sramika Rythu Congress Party,5509,19/19,Result Declared
andhrapradesh-4.csv,Madugula,27,BANDARU SATYANARAYANA MURTHY,Telugu Desam,ANURADHA ERLI,Yuvajana Sramika Rythu Congress Party,28026,17/17,Result Declared
andhrapradesh-4.csv,Mandapeta,48,JOGESWARA RAO.V,Telugu Desam,THOTA TRIMURTHULU,Yuvajana Sramika Rythu Congress Party,44435,23/23,Result Declared
andhrapradesh-4.csv,Mangalagiri,87,NARA LOKESH,Telugu Desam,MURUGUDU LAVANYA,Yuvajana Sramika Rythu Congress Party,91413,22/22,Result Declared
andhrapradesh-4.csv,Mantralayam,145,Y. BALANAGI REDDY,Yuvajana Sramika Rythu Congress Party,N. RAGHAVENDRA REDDY,Telugu Desam,12805,17/17,Result Declared
andhrapradesh-4.csv,Markapuram,111,KANDULA NARAYANA REDDY,Telugu Desam,ANNA RAMBABU,Yuvajana Sramika Rythu Congress Party,13979,19/19,Result Declared
andhrapradesh-4.csv,Mummidivaram,43,DATLA SUBBARAJU (BUCHIBABU),Telugu Desam,PONNADA VENKATA SATISH KUMAR,Yuvajana Sramika Rythu Congress Party,38736,20/20,Result Declared
andhrapradesh-4.csv,Mydukur,133,SUDHAKAR PUTTA,Telugu Desam,RAGHURAMI REDDY SETTIPALLY,Yuvajana Sramika Rythu Congress Party,20950,21/21,Result Declared
andhrapradesh-5.csv,Mylavaram,82,VASANTHA VENKATA KRISHNA PRASAD,Telugu Desam,TIRAPATHIRAO SARNALA,Yuvajana Sramika Rythu Congress Party,42829,22/22,Result Declared
andhrapradesh-5.csv,Nagari,170,GALI BHANU PRAKASH,Telugu Desam,R.K. ROJA,Yuvajana Sramika Rythu Congress Party,45004,18/18,Result Declared
andhrapradesh-5.csv,Nandigama (SC),83,TANGIRALA SOWMYA,Telugu Desam,MONDITOKA JAGAN MOHAN RAO,Yuvajana Sramika Rythu Congress Party,27395,17/17,Result Declared
andhrapradesh-5.csv,Nandikotkur (SC),136,G JAYASURYA,Telugu Desam,DARA SUDHEER,Yuvajana Sramika Rythu Congress Party,9792,27/27,Result Declared
andhrapradesh-5.csv,Nandyal,139,NASYAM MOHAMMED FAROOK,Telugu Desam,SILPA RAVI CHANDRA KISHORE REDDY,Yuvajana Sramika Rythu Congress Party,12333,21/21,Result Declared
andhrapradesh-5.csv,Narasannapeta,8,BAGGU RAMANAMURTHY,Telugu Desam,KRISHNADAS DHARMANA,Yuvajana Sramika Rythu Congress Party,29371,21/21,Result Declared
andhrapradesh-5.csv,Narasapuram,58,BOMMIDI NARAYANA NAYAKAR,Janasena Party,NAGARAJA VARA PRASADA RAJU MUDUNURI,Yuvajana Sramika Rythu Congress Party,49738,13/13,Result Declared
andhrapradesh-5.csv,Narasaraopet,97,ARAVINDA BABU CHADALAVADA,Telugu Desam,GOPIREDDY SRINIVASA REDDY,Yuvajana Sramika Rythu Congress Party,19705,18/18,Result Declared
andhrapradesh-5.csv,Narsipatnam,34,AYYANNAPATRUDU CHINTAKAYALA,Telugu Desam,UMA SANKARA GANESH PETLA,Yuvajana Sramika Rythu Congress Party,24676,19/19,Result Declared
andhrapradesh-5.csv,Nellimarla,17,LOKAM NAGA MADHAVI,Janasena Party,APPALANAIDU BADDUKONDA,Yuvajana Sramika Rythu Congress Party,39829,18/18,Result Declared
andhrapradesh-5.csv,Nellore City,117,NARAYANA PONGURU,Telugu Desam,KHALEEL AHAMAD MD,Yuvajana Sramika Rythu Congress Party,72489,18/18,Result Declared
andhrapradesh-5.csv,Nellore Rural,118,KOTAMREDDY SRIDHAR REDDY,Telugu Desam,ADALA PRABHAKARA REDDY,Yuvajana Sramika Rythu Congress Party,34480,24/24,Result Declared
andhrapradesh-5.csv,Nidadavole,55,KANDULA DURGESH,Janasena Party,G.SRINIVAS NAIDU,Yuvajana Sramika Rythu Congress Party,33304,16/16,Result Declared
andhrapradesh-5.csv,Nuzvid,70,KOLUSU PARTHA SARATHY,Telugu Desam,MEKA VENKATA PRATAP APPARAO,Yuvajana Sramika Rythu Congress Party,12378,21/21,Result Declared
andhrapradesh-5.csv,Ongole,108,DAMACHARLA JANARDHANA RAO,Telugu Desam,BALINENI SRINIVASA REDDY,Yuvajana Sramika Rythu Congress Party,34026,19/19,Result Declared
andhrapradesh-5.csv,Paderu ,29,MATSYARASA VISWESWARA RAJU,Yuvajana Sramika Rythu Congress Party,ESWARI GIDDI,Telugu Desam,19338,23/23,Result Declared
andhrapradesh-5.csv,Palacole,57,DR.NIMMALA RAMANAIDU,Telugu Desam,GUDALA SRI HARI GOPALA RAO (GUDALA GOPI),Yuvajana Sramika Rythu Congress Party,67945,14/14,Result Declared
andhrapradesh-5.csv,Palakonda ,10,JAYAKRISHNA NIMMAKA,Janasena Party,VISWASARAYI KALAVATHI,Yuvajana Sramika Rythu Congress Party,13291,21/21,Result Declared
andhrapradesh-5.csv,Palamaner,174,AMARANATHA REDDY. N,Telugu Desam,VENKATE GOWDA. N,Yuvajana Sramika Rythu Congress Party,20122,21/21,Result Declared
andhrapradesh-5.csv,Palasa,2,GOUTHU SIREESHA,Telugu Desam,APPALARAJU SEEDIRI,Yuvajana Sramika Rythu Congress Party,40350,21/21,Result Declared
andhrapradesh-6.csv,Pamarru (SC),77,KUMAR RAJA VARLA,Telugu Desam,ANIL KUMAR KAILE,Yuvajana Sramika Rythu Congress Party,29690,17/17,Result Declared
andhrapradesh-6.csv,Panyam,138,GOWRU CHARITHA REDDY,Telugu Desam,KATASANI RAMABHUPAL REDDY,Yuvajana Sramika Rythu Congress Party,40591,26/26,Result Declared
andhrapradesh-6.csv,Parchur,104,YELURI SAMBASIVA RAO,Telugu Desam,YADAM BALAJI,Yuvajana Sramika Rythu Congress Party,24013,22/22,Result Declared
andhrapradesh-6.csv,Parvathipuram ,12,BONELA VIJAYA CHANDRA,Telugu Desam,ALAJANGI JOGARAO,Yuvajana Sramika Rythu Congress Party,24414,17/17,Result Declared
andhrapradesh-6.csv,Pathapatnam,4,MAMIDI GOVINDA RAO,Telugu Desam,REDDY SHANTHI,Yuvajana Sramika Rythu Congress Party,26527,24/24,Result Declared
andhrapradesh-6.csv,Pattikonda,142,K.E. SHYAM KUMAR,Telugu Desam,KANGATI SREEDEVI,Yuvajana Sramika Rythu Congress Party,14211,19/19,Result Declared
andhrapradesh-6.csv,Payakaraopet ,33,ANITHA VANGALAPUDI,Telugu Desam,JOGULU KAMBALA,Yuvajana Sramika Rythu Congress Party,43727,21/21,Result Declared
andhrapradesh-6.csv,Pedakurapadu,85,BHASHYAM PRAVEEN,Telugu Desam,NAMBURU SANKARA RAO,Yuvajana Sramika Rythu Congress Party,21089,20/20,Result Declared
andhrapradesh-6.csv,Pedana,74,KAGITHA KRISHNAPRASAD,Telugu Desam,UPPALA RAMESH(RAMU),Yuvajana Sramika Rythu Congress Party,38123,17/17,Result Declared
andhrapradesh-6.csv,Peddapuram,39,CHINA RAJAPPA NIMMAKAYALA,Telugu Desam,DAVULURI DORABABU,Yuvajana Sramika Rythu Congress Party,40451,15/15,Result Declared
andhrapradesh-6.csv,Penamaluru,78,BODE PRASAD,Telugu Desam,JOGI RAMESH,Yuvajana Sramika Rythu Congress Party,59915,23/23,Result Declared
andhrapradesh-6.csv,Pendurthi,31,PANCHAKARLA RAMESH BABU,Janasena Party,ANNAMREDDY ADEEP RAJ,Yuvajana Sramika Rythu Congress Party,81870,22/22,Result Declared
andhrapradesh-6.csv,Penukonda,158,S. SAVITHA,Telugu Desam,K.V. USHA SHRICHARAN,Yuvajana Sramika Rythu Congress Party,33388,19/19,Result Declared
andhrapradesh-6.csv,Pileru,163,NALLARI KISHAN KUMAR REDDY,Telugu Desam,CHINTHALA RAMACHANDRA REDDY,Yuvajana Sramika Rythu Congress Party,25081,21/21,Result Declared
andhrapradesh-6.csv,Pithapuram,37,KONIDALA PAWAN KALYAN,Janasena Party,VANGA GEETHA VISWANATH,Yuvajana Sramika Rythu Congress Party,70279,18/18,Result Declared
andhrapradesh-6.csv,Polavaram ,67,CHIRRI BALARAJU,Janasena Party,TELLAM RAJYA LAKSHMI,Yuvajana Sramika Rythu Congress Party,7935,21/21,Result Declared
andhrapradesh-6.csv,Ponnur,88,DHULIPALLA NARENDRA KUMAR,Telugu Desam,AMBATI MURALI KRISHNA,Yuvajana Sramika Rythu Congress Party,32915,19/19,Result Declared
andhrapradesh-6.csv,Prathipadu,36,VARUPULA SATYA PRABHA,Telugu Desam,VARUPULA SUBBARAO,Yuvajana Sramika Rythu Congress Party,38768,17/17,Result Declared
andhrapradesh-6.csv,Prathipadu (SC),93,BURLA RAMANJANEYULU,Telugu Desam,BALASANI KIRAN KUMAR,Yuvajana Sramika Rythu Congress Party,42015,22/22,Result Declared
andhrapradesh-6.csv,Proddatur,132,NANDYALA VARADA RAJULA REDDY,Telugu Desam,RACHAMALLU SIVA PRASAD REDDY,Yuvajana Sramika Rythu Congress Party,22744,20/20,Result Declared
andhrapradesh-7.csv,Pulivendla,129,YS JAGAN MOHAN REDDY,Yuvajana Sramika Rythu Congress Party,B.TECH RAVI,Telugu Desam,61687,23/23,Result Declared
andhrapradesh-7.csv,Punganur,165,PEDDIREDDI RAMACHANDRA REDDY,Yuvajana Sramika Rythu Congress Party,CHALLA RAMACHANDRA REDDY,Telugu Desam,6095,19/19,Result Declared
andhrapradesh-7.csv,Puthalapattu (SC),173,K MURALI MOHAN,Telugu Desam,M SUNEEL KUMAR,Yuvajana Sramika Rythu Congress Party,15634,20/20,Result Declared
andhrapradesh-7.csv,Puttaparthi,159,PALLE SINDHURA REDDY,Telugu Desam,DUDDUKUNTA SREEDHAR REDDY,Yuvajana Sramika Rythu Congress Party,8760,18/18,Result Declared
andhrapradesh-7.csv,Rajahmundry City,50,ADIREDDY SRINIVAS,Telugu Desam,MARGANI BHARAT RAM,Yuvajana Sramika Rythu Congress Party,71404,18/18,Result Declared
andhrapradesh-7.csv,Rajahmundry Rural,51,GORANTLA BUTCHAIAH CHOUDARY,Telugu Desam,GOPALAKRISHNA CHELLUBOYINA(VENU),Yuvajana Sramika Rythu Congress Party,64090,20/20,Result Declared
andhrapradesh-7.csv,Rajam ,9,KONDRU MURALI MOHAN,Telugu Desam,DR. TALE RAJESH,Yuvajana Sramika Rythu Congress Party,20722,21/21,Result Declared
andhrapradesh-7.csv,Rajampet,125,AKEPATI AMARNATH REDDY,Yuvajana Sramika Rythu Congress Party,BALA SUBRAMANYAM SUGAVASI,Telugu Desam,7016,21/21,Result Declared
andhrapradesh-7.csv,Rajanagaram,49,BATHULA BALARAMAKRISHNA S/O GANGARAO,Janasena Party,JAKKAMPUDI RAJA,Yuvajana Sramika Rythu Congress Party,34049,16/16,Result Declared
andhrapradesh-7.csv,Ramachandrapuram,42,VASAMSETTI. SUBASH,Telugu Desam,PILLI SURYA PRAKASH,Yuvajana Sramika Rythu Congress Party,26291,25/25,Result Declared
andhrapradesh-7.csv,Rampachodavaram ,53,MIRIYALA SIRISHA DEVI,Telugu Desam,NAGULAPALLI DHANALAKSHMI,Yuvajana Sramika Rythu Congress Party,9139,20/20,Result Declared
andhrapradesh-7.csv,Raptadu,155,PARITALA SUNITHAMMA,Telugu Desam,THOPUDURTHI PRAKASH REDDY,Yuvajana Sramika Rythu Congress Party,23329,21/21,Result Declared
andhrapradesh-7.csv,Rayachoti,128,MANDIPALLI RAMPRASAD REDDY,Telugu Desam,GADIKOTA SRIKANTH REDDY,Yuvajana Sramika Rythu Congress Party,2495,21/21,Result Declared
andhrapradesh-7.csv,Rayadurg,148,KALAVA SRINIVASULU,Telugu Desam,METTU GOVINDA REDDY,Yuvajana Sramika Rythu Congress Party,41659,22/22,Result Declared
andhrapradesh-7.csv,Razole ,45,DEVA VARAPRASAD,Janasena Party,GOLLAPALLI SURYA RAO,Yuvajana Sramika Rythu Congress Party,39011,16/16,Result Declared
andhrapradesh-7.csv,Repalle,90,ANAGANI SATYA PRASAD,Telugu Desam,EVURU GANESH,Yuvajana Sramika Rythu Congress Party,39947,19/19,Result Declared
andhrapradesh-7.csv,Salur ,13,GUMMIDI SANDHYARANI,Telugu Desam,RAJANNA DORA PEEDIKA,Yuvajana Sramika Rythu Congress Party,13733,18/18,Result Declared
andhrapradesh-7.csv,Santhanuthalapadu (SC),107,VIJAY KUMAR B.N,Telugu Desam,NAGARJUNA MERUGU,Yuvajana Sramika Rythu Congress Party,30385,20/20,Result Declared
andhrapradesh-7.csv,Sarvepalli,119,CHANDRA MOHAN REDDY SOMIREDDY,Telugu Desam,KAKANI GOVARDHAN REDDY,Yuvajana Sramika Rythu Congress Party,16288,21/21,Result Declared
andhrapradesh-7.csv,Sattenapalle,98,KANNA LAKSHMINARAYANA,Telugu Desam,AMBATI RAMBABU,Yuvajana Sramika Rythu Congress Party,27836,21/21,Result Declared
andhrapradesh-8.csv,Satyavedu,169,KONETI ADIMULAM,Telugu Desam,NUKATHOTI RAJESH,Yuvajana Sramika Rythu Congress Party,3739,20/20,Result Declared
andhrapradesh-8.csv,Singanamala (SC),152,BANDARU SRAVANI SREE,Telugu Desam,M.VEERANJANEYULU,Yuvajana Sramika Rythu Congress Party,8788,22/22,Result Declared
andhrapradesh-8.csv,Srikakulam,5,GONDU SHANKAR,Telugu Desam,DHARMANA PRASADA RAO,Yuvajana Sramika Rythu Congress Party,52521,20/20,Result Declared
andhrapradesh-8.csv,Srikalahasti,168,BOJJALA VENKATA SUDHIR REDDY,Telugu Desam,BIYYAPU MADHUSUDHAN REDDY,Yuvajana Sramika Rythu Congress Party,43304,21/21,Result Declared
andhrapradesh-8.csv,Srisailam,135,BUDDA RAJASEKHARA REDDY,Telugu Desam,SILPA CHAKRAPANI REDDY,Yuvajana Sramika Rythu Congress Party,6385,23/23,Result Declared
andhrapradesh-8.csv,Srungavarapukota,19,KOLLA LALITHA KUMARI,Telugu Desam,KADUBANDI SRINIVASA RAO,Yuvajana Sramika Rythu Congress Party,38790,21/21,Result Declared
andhrapradesh-8.csv,Sullurpeta,121,NELAVALA VIJAYASREE,Telugu Desam,KILIVETI SANJEEVAIAH,Yuvajana Sramika Rythu Congress Party,29115,22/22,Result Declared
andhrapradesh-8.csv,Tadepalligudem,62,BOLISETTY SRINIVAS,Janasena Party,KOTTU SATYANARAYANA,Yuvajana Sramika Rythu Congress Party,62492,15/15,Result Declared
andhrapradesh-8.csv,Tadikonda (SC),86,TENALI SRAVAN KUMAR,Telugu Desam,SUCHARITHA MEKATHOTI,Yuvajana Sramika Rythu Congress Party,39606,18/18,Result Declared
andhrapradesh-8.csv,Tadpatri,151,ASHMIT REDDY J.C,Telugu Desam,KETHIREDDY PEDDAREDDY,Yuvajana Sramika Rythu Congress Party,27731,20/20,Result Declared
andhrapradesh-8.csv,Tanuku,61,ARIMILLI RADHA KRISHNA,Telugu Desam,KARUMURI VENKATA NAGESWARA RAO,Yuvajana Sramika Rythu Congress Party,72121,17/17,Result Declared
andhrapradesh-8.csv,Tekkali,3,ATCHANNAIDU KINJARAPU,Telugu Desam,DUVVADA SRINIVAS,Yuvajana Sramika Rythu Congress Party,34435,24/24,Result Declared
andhrapradesh-8.csv,Tenali,91,NADENDLA MANOHAR,Janasena Party,ANNABATHUNI SIVAKUMAR,Yuvajana Sramika Rythu Congress Party,48112,21/21,Result Declared
andhrapradesh-8.csv,Thamballapalle,162,P. DWARAKANATHA REDDY,Yuvajana Sramika Rythu Congress Party,D. JAYACHANDRA REDDY,Telugu Desam,10103,18/18,Result Declared
andhrapradesh-8.csv,Tirupati,167,ARANII SRENEVASULU,Janasena Party,BHUMANA ABHINAY,Yuvajana Sramika Rythu Congress Party,61956,20/20,Result Declared
andhrapradesh-8.csv,Tiruvuru (SC),69,KOLIKAPUDI SRINIVASA RAO,Telugu Desam,NALLAGATLA SWAMY DAS,Yuvajana Sramika Rythu Congress Party,21874,18/18,Result Declared
andhrapradesh-8.csv,Tuni,35,DIVYA YANAMALA,Telugu Desam,DADISETTI RAJA,Yuvajana Sramika Rythu Congress Party,15177,16/16,Result Declared
andhrapradesh-8.csv,Udayagiri,123,KAKARLA SURESH,Telugu Desam,MEKAPATI RAJAGOPAL REDDY,Yuvajana Sramika Rythu Congress Party,9621,24/24,Result Declared
andhrapradesh-8.csv,Undi,60,KANUMURU RAGHU RAMA KRISHNA RAJU (R R R),Telugu Desam,PENMETSA VENKATA LAKSHMI NARASIMHA RAJU (P.V.L),Yuvajana Sramika Rythu Congress Party,56777,18/18,Result Declared
andhrapradesh-8.csv,Ungutur,63,DHARMARAJU PATSAMATLA,Janasena Party,PUPPALA SRINIVASA RAO (VASU BABU),Yuvajana Sramika Rythu Congress Party,44945,17/17,Result Declared
andhrapradesh-9.csv,Uravakonda,149,PAYYAVULA KESHAV,Telugu Desam,Y. VISWESWARA REDDY,Yuvajana Sramika Rythu Congress Party,21704,15/15,Result Declared
andhrapradesh-9.csv,Vemuru (SC),89,ANANDA BABU NAKKA,Telugu Desam,ASHOK BABU VARIKUTI,Yuvajana Sramika Rythu Congress Party,22021,17/17,Result Declared
andhrapradesh-9.csv,Venkatagiri,122,KURUGONDLA RAMAKRISHNA,Telugu Desam,NEDURUMALLI RAM KUMAR REDDY,Yuvajana Sramika Rythu Congress Party,16294,22/22,Result Declared
andhrapradesh-9.csv,Vijayawada Central,80,BONDA UMAMAHESWARARAO,Telugu Desam,VELAMPALLI SRINIVASA RAO,Yuvajana Sramika Rythu Congress Party,68886,21/21,Result Declared
andhrapradesh-9.csv,Vijayawada East,81,GADDE RAMA MOHAN,Telugu Desam,AVINASH DEVINENI,Yuvajana Sramika Rythu Congress Party,49640,23/23,Result Declared
andhrapradesh-9.csv,Vijayawada West,79,YALAMANCHILI SATYANARAYANA CHOWDARY (SUJANA CHOWDARY),Bharatiya Janata Party,ASIF SHAIK,Yuvajana Sramika Rythu Congress Party,47032,20/20,Result Declared
andhrapradesh-9.csv,Vinukonda,99,GONUGUNTLA VENKATA SIVA SITA RAMA ANZANNEYLLU,Telugu Desam,BOLLA BRAHMA NAIDU,Yuvajana Sramika Rythu Congress Party,30267,22/22,Result Declared
andhrapradesh-9.csv,Visakhapatnam East,21,RAMAKRISHNA BABU VELAGAPUDI,Telugu Desam,M V V SATYANARAYANA,Yuvajana Sramika Rythu Congress Party,70877,22/22,Result Declared
andhrapradesh-9.csv,Visakhapatnam North,23,VISHNU KUMAR RAJU PENMETSA,Bharatiya Janata Party,KANNAPARAJU KAMMILA (K.K. RAJU),Yuvajana Sramika Rythu Congress Party,47534,21/21,Result Declared
andhrapradesh-9.csv,Visakhapatnam South,22,CH.VAMSI KRISHNA SRINIVAS,Janasena Party,GANESH KUMAR VASUPALLI,Yuvajana Sramika Rythu Congress Party,64594,17/17,Result Declared
andhrapradesh-9.csv,Visakhapatnam West,24,P.G.V.R.NAIDU(GANABABU),Telugu Desam,ADARI ANAND KUMAR,Yuvajana Sramika Rythu Congress Party,35184,16/16,Result Declared
andhrapradesh-9.csv,Vizianagaram,18,ADITI VIJAYALAKSHMI GAJAPATHI RAJU PUSAPATI,Telugu Desam,KOLAGATLA VEERABHADRA SWAMY,Yuvajana Sramika Rythu Congress Party,60609,20/20,Result Declared
andhrapradesh-9.csv,Yelamanchili,32,SUNDARAPU VIJAY KUMAR,Janasena Party,UPPALAPATI VENKATA RAMANAMURTHY RAJU,Yuvajana Sramika Rythu Congress Party,48956,19/19,Result Declared
andhrapradesh-9.csv,Yemmiganur,144,B. JAYANAGESWARA REDDY,Telugu Desam,BUTTA RENUKA,Yuvajana Sramika Rythu Congress Party,15837,20/20,Result Declared
andhrapradesh-9.csv,Yerragondapalem (SC),102,CHANDRA SEKHAR TATIPARTHI,Yuvajana Sramika Rythu Congress Party,ERIXION BABU GUDURI,Telugu Desam,5200,19/19,Result Declared
